"location","prediction","lower","upper"
"kyoto","94.8815950573837","87.423349884371","106.96898040287"
"liestal","83.4088618097325","76.1682820544484","90.64114987924"
"vancouver","92.9842566066829","86.3503928984432","99.3484427947023"
"washingtondc","80.9990884280672","74.6712770938321","88.2360084181704"
"newyork","91.612943801764","82.3300392157885","99.525569930238"
